"title","year","cast__001","cast__002","cast__003","cast__004","cast__005","cast__006","cast__007","genres__001","genres__002","genres__003","genres__004"
"After Dark in Central Park","1900","","","","","","","","","","",""
"Boarding School Girls' Pajama Parade","1900","","","","","","","","","","",""
"Buffalo Bill's Wild West Parad","1900","","","","","","","","","","",""
"Caught","1900","","","","","","","","","","",""
"Clowns Spinning Hats","1900","","","","","","","","","","",""
"Capture of Boer Battery by British","1900","","","","","","","","Short","Documentary","",""
"The Enchanted Drawing","1900","","","","","","","","","","",""
"Feeding Sea Lions","1900","Paul Boyton","","","","","","","","","",""
"How to Make a Fat Wife Out of Two Lean Ones","1900","","","","","","","","Comedy","","",""
"New Life Rescue","1900","","","","","","","","","","",""
"New Morning Bath","1900","","","","","","","","","","",""
"Searching Ruins on Broadway, Galveston, for Dead Bodies","1900","","","","","","","","","","",""
"The Tribulations of an Amateur Photographer","1900","","","","","","","","","","",""
"Trouble in Hogan's Alley","1900","","","","","","","","Comedy","","",""
"Two Old Sparks","1900","","","","","","","","Short","","",""
"The Wonder, Ching Ling Foo","1900","Ching Ling Foo","","","","","","","Short","","",""
"Watermelon Contest","1900","","","","","","","","Short","","",""
"Acrobats in Cairo","1901","","","","","","","","","","",""
"An Affair of Honor","1901","","","","","","","","","","",""
"Another Job for the Undertaker","1901","","","","","","","","","","",""
"Arrival of Tongkin Train","1901","","","","","","","","","","",""
"The Artist's Dilemma","1901","","","","","","","","","","",""
"Band and Battalion of the U.S. Indian School","1901","","","","","","","","","","",""
"Barnum and Bailey's Circus","1901","","","","","","","","","","",""
"Beef Extract Room","1901","","","","","","","","","","",""
"Boxing in Barrels","1901","","","","","","","","","","",""
"Branding Hams","1901","","","","","","","","","","",""
"Buffalo Street Parade","1901","","","","","","","","","","",""
"A Busy Corner at Armour's","1901","","","","","","","","","","",""
"The Bund, Shanghai","1901","","","","","","","","","","",""
"Circular Panorama of the Base of the Electric Tower, Ending Looking Down the Mall","1901","","","","","","","","","","",""
"Circular Panorama of the Electric Tower and Pond","1901","","","","","","","","","","",""
"Circular Panorama of the Esplanade with the Electric Tower in the Background","1901","","","","","","","","","","",""
"Coaling a Steamer, Nagasaki Bay, Japan","1901","","","","","","","","","","",""
"Convention of Railroad Passengers","1901","","","","","","","","","","",""
"Cornell-Columbia-University of Pennsylvania Boat Race at Ithaca, N.Y., Showing Lehigh Valley Observation Train","1901","","","","","","","","","","",""
"Couchee Dance on the Midway","1901","","","","","","","","","","",""
"The Donkey Party","1901","","","","","","","","","","",""
"The Finish of Bridget McKeen","1901","","","","","","","","","","",""
"Follow the Leader","1901","","","","","","","","","","",""
"The Fraudulent Beggar","1901","","","","","","","","","","",""
"Fun at a Children's Party","1901","","","","","","","","","","",""
"A Good Joke","1901","","","","","","","","","","",""
"The Gordon Sisters Boxing","1901","","","","","","","","","","",""
"Grand Entry, Indian Congress","1901","","","","","","","","","","",""
"Happy Hooligan April-Fooled","1901","","","","","","","","","","",""
"Happy Hooligan Surprised","1901","","","","","","","","","","",""
"Harbor of Shanghai","1901","","","","","","","","","","",""
"A Hold-Up","1901","","","","","","","","","","",""
"Ice-Boat Racing at Redbank, N.J.","1901","","","","","","","","","","",""
"Indians No. 1","1901","","","","","","","","","","",""
"Jeffries and Ruhlin Sparring Contest at San Francisco, Cal., November 15, 1901","1901","","","","","","","","","","",""
"A Joke on Grandma","1901","","","","","","","","","","",""
"Kansas Saloon Smashers","1901","","","","","","","","","","",""
"Launching of the New Battleship 'Ohio' at San Francisco, Cal. When President McKinley Was There","1901","","","","","","","","","","",""
"Laura Comstock's Bag-Punching Dog","1901","","","","","","","","","","",""
"The Life of a Fireman","1901","","","","","","","","","","",""
"Love by the Light of the Moon","1901","","","","","","","","","","",""
"The Martyred Presidents","1901","","","","","","","","","","",""
"Midway Dance","1901","","","","","","","","","","",""
"Miles Canyon Tramway","1901","","","","","","","","","","",""
"Montreal Fire Department on Runners","1901","","","","","","","","","","",""
"Mounted Police Charge","1901","","","","","","","","","","",""
"The Old Maid Having Her Picture Taken","1901","","","","","","","","","","",""
"Opening of the Pan-American Exposition Showing Vice President Roosevelt Leading the Procession","1901","","","","","","","","","","",""
"Pan-American Exposition by Night","1901","","","","","","","","","","",""
"Panorama of the Exposition, No. 1","1901","","","","","","","","","","",""
"Panorama of the Exposition, No. 2","1901","","","","","","","","","","",""
"Panoramic View of the Fleet After Yacht Race","1901","","","","","","","","","","",""
"Panoramic View of the Temple of Music and Esplanade","1901","","","","","","","","","","",""
"Panoramic View, Asheville, N.C.","1901","","","","","","","","","","",""
"Le Petit chaperon rouge","1901","","","","","","","","","","",""
"Photographing the Audience","1901","","","","","","","","","","",""
"Pie, Tramp and the Bulldog","1901","","","","","","","","","","",""
"President McKinley and Escort Going to the Capitol","1901","","","","","","","","","","",""
"President McKinley Taking the Oath","1901","","","","","","","","","","",""
"President McKinley's Speech at the Pan-American Exposition","1901","","","","","","","","","","",""
"The Queen's Funeral","1901","","","","","","","","","","",""
"Le Rêve de Noël","1901","","","","","","","","","","",""
"Rocking Gold in the Klondike","1901","","","","","","","","","","",""
"Ruhlin in His Training Quarters","1901","","","","","","","","","","",""
"Shad Fishing at Gloucester, N.J.","1901","","","","","","","","","","",""
"Terrible Teddy, the Grizzly King","1901","","","","","","","","","","",""
"The Tramp's Dream","1901","","","","","","","","","","",""
"Tramp's Nap Interrupted","1901","","","","","","","","","","",""
"Trapeze Disrobing Act","1901","","","","","","","","","","",""
"A Trip Around the Pan-American Exposition","1901","","","","","","","","","","",""
"Turkish Dance","1901","","","","","","","","","","",""
"Twelve in a Barrel","1901","","","","","","","","","","",""
"Two Rubes at the Theatre","1901","","","","","","","","","","",""
"Upper Falls of the Yellowstone","1901","","","","","","","","","","",""
"Washing Gold on 20 Above Hunker, Klondike","1901","","","","","","","","","","",""
"Wedding Procession in Cairo","1901","","","","","","","","","","",""
"Why Mr. Nation Wants a Divorce","1901","","","","","","","","","","",""
"Wonderful Trick Donkey, The","1901","","","","","","","","","","",""
"Yacht Race Fleet Following the Committee Boat 'Navigator' Oct. 4th, The","1901","","","","","","","","","","",""
"You Can't Lose Your Mother-in-Law","1901","","","","","","","","","","",""
"Arrival of Prince Henry (of Prussia) and President Roosevelt at Shooter's Island (1902)","1902","","","","","","","","Short","","",""
"The Burlesque Suicide, No. 2","1902","","","","","","","","","","",""
"Burning of Durland's Riding Academy","1902","","","","","","","","Documentary","Short","",""
"The Interrupted Bathers","1902","","","","","","","","Comedy","Short","",""
"Jack and the Beanstalk","1902","","","","","","","","","","",""
"Who Said Watermelon?","1902","","","","","","","","Comedy","Short","",""
"Snow White","1902","","","","","","","","","","",""
"After Dark; or, the Policeman and His Lantern","1903","","","","","","","","","","",""
"Alice in Wonderland","1903","May Clark","","","","","","","","","",""
"An Up-to-Date Studio","1903","","","","","","","","","","",""
"A Visit to the Zoo","1903","","","","","","","","","","",""
"At Work in a Peat Bog","1903","","","","","","","","","","",""
"Automobile Explosion","1903","","","","","","","","","","",""
"The Ascent of Mont Blanc","1903","","","","","","","","","","",""
"Bicycle Dive","1903","","","","","","","","","","",""
"Bloodhounds Tracking a Convict","1903","","","","","","","","","","",""
"Buying a Baby","1903","","","","","","","","","","",""
"Cliff Scenery at the Fabbins","1903","","","","","","","","","","",""
"Close Quarters, with a Notion of the Motion of the Ocean","1903","","","","","","","","","","",""
"Cruelty on the High Seas","1903","","","","","","","","","","",""
"A Coach Drive from Glengariffe to Kenmore","1903","","","","","","","","","","",""
"Discovered Through an Opera Glass","1903","","","","","","","","","","",""
"A Drove of Wild Welsh Mountain Ponies","1903","","","","","","","","","","",""
"The Delhi Camp Railway","1903","","","","","","","","","","",""
"DeVoy's Revolving Ladder Act","1903","","","","","","","","","","",""
"The Deserter","1903","","","","","","","","","","",""
"The Effects of a Trolley Car Collision","1903","","","","","","","","","","",""
"Firemen to the Rescue","1903","","","","","","","","","","",""
"The Goose Takes a Trolley Ride","1903","","","","","","","","","","",""
"Egyptian Fakir with Dancing Monkey","1903","","","","","","","","","","",""
"Electrocuting an Elephant","1903","","","","","","","","Documentary","","",""
"English Barnyard Scene","1903","","","","","","","","","","",""
"Every Day Is Sunshine When the Heart Beats True","1903","","","","","","","","","","",""
"Fire!","1903","","","","","","","","","","",""
"Fife Getting Instructions from Committee","1903","","","","","","","","","","",""
"Fun on Board a Fishing Smack","1903","","","","","","","","","","",""
"The Great Train Robbery","1903","","","","","","","","Western","","",""
"Hop Picking","1903","","","","","","","","","","",""
"How to Shut Up a Quarrelsome Wife","1903","","","","","","","","","","",""
"Light Heavyweight Championship Contest Between Root and Gardner","1903","","","","","","","","","","",""
"Little Tich and His Funny Feet","1903","","","","","","","","","","",""
"Murder Scene from 'King of the Detectives'","1903","","","","","","","","","","",""
"Moses in the Bullrushes","1903","","","","","","","","","","",""
"Murphy's Wake","1903","","","","","","","","","","",""
"New York Harbor Police Boat Patrol Capturing Pirates","1903","","","","","","","","","","",""
"Nicholas Nickleby","1903","William Carrington","","","","","","","","","",""
"Old Irish Cabin","1903","","","","","","","","","","",""
"On the Bow River Horse Ranch at Cochrane, North West Territory","1903","","","","","","","","","","",""
"Only a Soldier Boy","1903","","","","","","","","","","",""
"Our New Cook","1903","","","","","","","","","","",""
"Over the Garden Wall","1903","","","","","","","","","","",""
"Panorama of the Lakes of Killarney from Hotel","1903","","","","","","","","","","",""
"Passengers Embarking from S.S. Augusta Victoria, at Beyrouth","1903","","","","","","","","","","",""
"The Pigeons, Place St. Marc, Venice","1903","","","","","","","","","","",""
"Pittsburgh Fire Department in Full Run","1903","","","","","","","","","","",""
"Polo Match for the Championship at Hurlingham","1903","","","","","","","","","","",""
"The Puzzled Bather and His Animated Clothes","1903","","","","","","","","","","",""
"Quarrelsome Neighbours","1903","","","","","","","","","","",""
"Railway Ride in the Alps","1903","","","","","","","","","","",""
"Reproduction of the Corbett-McGovern Fight","1903","","","","","","","","","","",""
"Rock of Ages","1903","","","","","","","","","","",""
"The Runaway Match, or Marriage by Motor","1903","","","","","","","","","","",""
"Saturday Shopping","1903","","","","","","","","","","",""
"Scene in Canada -- Logging at Bear Creek","1903","","","","","","","","","","",""
"Scene in Canada -- Spearing Salmon in a Mountain Stream","1903","","","","","","","","","","",""
"A Search for Evidence","1903","","","","","","","","","","",""
"Sensational Hurdle Race","1903","","","","","","","","","","",""
"A Shocking Accident","1903","","","","","","","","","","",""
"S.S. St. Louis","1903","","","","","","","","","","",""
"Street Car Chivalry","1903","","","","","","","","","","",""
"A Substantial Ghost","1903","","","","","","","","","","",""
"The Tragical Tale of a Belated Letter","1903","","","","","","","","","","",""
"The Tramp's First Bath","1903","","","","","","","","","","",""
"A Trip Through the Gap of Dunloe","1903","","","","","","","","","","",""
"A Trip to the Giant's Causeway","1903","","","","","","","","","","",""
"Trouble in Hogan's Alley","1903","","","","","","","","","","",""
"Trout Fishing, Landing Three Pounder","1903","","","","","","","","","","",""
"True Love Never Runs Smooth","1903","","","","","","","","","","",""
"Turning the Tables","1903","","","","","","","","","","",""
"Two Little Vagabonds; or, The Pugilistic Parson","1903","","","","","","","","","","",""
"The Unexpected Bath","1903","","","","","","","","","","",""
"Wait Till Jack Comes Home","1903","","","","","","","","","","",""
"What Happened in the Tunnel","1903","","","","","","","","","","",""
"Wiring Pike in a Mill Stream","1903","","","","","","","","","","",""
"The Workman's Paradise","1903","","","","","","","","","","",""
"Alligator Farm","1904","","","","","","","","Documentary","","",""
"The Automobile Race","1904","","","","","","","","","","",""
"The Chicago Fire","1904","","","","","","","","Documentary","","",""
"The Child Stealers","1904","","","","","","","","","","",""
"Decoyed","1904","","","","","","","","","","",""
"A Ferry in the Far East","1904","","","","","","","","","","",""
"Fording a Stream","1904","","","","","","","","","","",""
"The Great Baltimore Fire","1904","","","","","","","","","","",""
"High Diving and Reverse","1904","","","","","","","","","","",""
"Hurdle Jumping","1904","","","","","","","","","","",""
"An Intelligent Elephant","1904","","","","","","","","","","",""
"The Monkey Bicyclist","1904","","","","","","","","","","",""
"Monkey, Dog and Pony Circus","1904","","","","","","","","","","",""
"Nervy Nat Kisses the Bride","1904","","","","","","","","","","",""
"A Nigger in the Woodpile","1904","","","","","","","","","","",""
"Parsifal","1904","","","","","","","","","","",""
"The Lover's Ruse","1904","","","","","","","","","","",""
"A Race for a Kiss","1904","","","","","","","","","","",""
"Raid on a Coiner's Den","1904","","","","","","","","","","",""
"Revenge!","1904","","","","","","","","","","",""
"A Railway Tragedy","1904","","","","","","","","","","",""
"Scarecrow Pump","1904","","","","","","","","Comedy","","",""
"The Strenuous Life; or, Anti-Race Suicide","1904","","","","","","","","Comedy","","",""
"The Suburbanite","1904","","","","","","","","Comedy","","",""
"Westinghouse Works, 1904","1904","","","","","","","","","","",""
"Adventures of Sherlock Holmes; or, Held for Ransom","1905","","","","","","","","","","",""
"Airy Fairy Lillian Tries on Her New Corsets","1905","","","","","","","","","","",""
"A Ballroom Tragedy","1905","","","","","","","","","","",""
"Burglar Bill","1905","","","","","","","","","","",""
"Coney Island at Night","1905","","","","","","","","","","",""
"A Dog Lost, Strayed or Stolen","1905","","","","","","","","","","",""
"Hippodrome Races, Dreamland, Coney Island","1905","","","","","","","","","","",""
"Escape from Sing Sing","1905","","","","","","","","","","",""
"The Green Goods Man; or, Josiah and Samanthy's Experience with the Original 'American Confidence Game'","1905","","","","","","","","","","",""
"The Great Jewel Mystery","1905","","","","","","","","","","",""
"I.B. Dam and the Whole Dam Family","1905","","","","","","","","","","",""
"The Kleptomaniac","1905","","","","","","","","","","",""
"Impersonation of Britt-Nelson Fight","1905","","","","","","","","","","",""
"New York Subway","1905","","","","","","","","","","",""
"The Nihilists","1905","","","","","","","","","","",""
"Moving Day; or, No Children Allowed","1905","","","","","","","","","","",""
"License No. 13; or, The Hoodoo Automobile","1905","","","","","","","","","","",""
"Life of an American Policeman","1905","","","","","","","","","","",""
"The Little Train Robbery","1905","","","","","","","","","","",""
"The Night Before Christmas","1905","","","","","","","","","","",""
"A Kentucky Feud","1905","","","","","","","","","","",""
"Peeping Tom in the Dressing Room","1905","","","","","","","","","","",""
"The Newsboy","1905","","","","","","","","","","",""
"A Policeman's Love Affair","1905","","","","","","","","","","",""
"The Rat Trap Pickpocket Detector","1905","","","","","","","","Comedy","","",""
"Reuben in the Opium Joint","1905","","","","","","","","","","",""
"Raffles the Dog","1905","","","","","","","","","","",""
"Raffles the Amateur Cracksman","1905","","","","","","","","Adventure","Romance","",""
"The Seven Ages","1905","","","","","","","","","","",""
"The Servant Girl Problem","1905","","","","","","","","","","",""
"The Train Wreckers","1905","","","","","","","","","","",""
"Tom, Tom, the Piper's Son","1905","","","","","","","","","","",""
"Watermelon Patch","1905","","","","","","","","","","",""
"The Whole Dam Family and the Dam Dog","1905","","","","","","","","","","",""
"The Vanderbilt Auto Race","1905","","","","","","","","","","",""
"The Automobile Thieves","1906","J. Stuart Blackton","Florence Lawrence","","","","","","Short","Crime","Drama",""
"Dream of a Rarebit Fiend","1906","","","","","","","","Short","","",""
"From Leadville to Aspen: A Hold-Up in the Rockies","1906","","","","","","","","Short","Action","Crime","Western"
"Humorous Phases of Funny Faces","1906","J. Stuart Blackton","","","","","","","Short","Animated","Animated",""
"Kathleen Mavourneen","1906","","","","","","","","Short","","",""
"A Trip Down Market Street","1906","","","","","","","","Short","","",""
"Waiting at the Church","1906","","","","","","","","Short","","",""
"Amateur Night; or, Get the Hook","1907","","","","","","","","","","",""
"Ben-Hur","1907","William S. Hart","","","","","","","Historical","","",""
"Daniel Boone","1907","William Craven","Florence Lawrence","","","","","","Biography","","",""
"How Brown Saw the Baseball Game","1907","Unknown","","","","","","","Comedy","","",""
"Laughing Gas","1907","Bertha Regustus","Edward Boulden","","","","","","Comedy","","",""
"Terrible Ted","1907","","","","","","","","Short","Comedy","",""
"The Tired Tailor's Dream","1907","","","","","","","","Short","Comedy","",""
"The Adventures of Dollie","1908","Arthur V. Johnson","Linda Arvidson","","","","","","Drama","","",""
"Antony and Cleopatra","1908","Florence Lawrence","William V. Ranous","","","","","","","","",""
"Balked at the Altar","1908","Linda Arvidson","George Gebhardt","","","","","","Comedy","","",""
"The Bandit's Waterloo","1908","Charles Inslee","Linda Arvidson","","","","","","Drama","","",""
"The Black Viper","1908","D. W. Griffith","","","","","","","Drama","","",""
"A Calamitous Elopement","1908","Harry Solter","Linda Arvidson","","","","","","Comedy","","",""
"The Call of the Wild","1908","Charles Inslee","","","","","","","Adventure","","",""
"A Christmas Carol","1908","Tom Ricketts","","","","","","","Drama","","",""
"Deceived Slumming Party","1908","Edward Dillon","D. W. Griffith","George Gebhardt","","","","","Comedy","","",""
"Dr. Jekyll and Mr. Hyde","1908","Hobart Bosworth","Betty Harte","","","","","","Horror","","",""
"The Fairylogue and Radio-Plays","1908","","","","","","","","Fantasy","","",""
"The Fight for Freedom","1908","Florence Auer","John G. Adolfi","","","","","","Western","","",""
"Macbeth","1908","William V. Ranous","Paul Panzer","","","","","","","","",""
"Money Mad","1908","Charles Inslee","George Gebhardt","","","","","","Crime","","",""
"The Red Man and the Child","1908","Charles Inslee","John Tansey","","","","","","Western","","",""
"Romeo and Juliet","1908","Paul Panzer","Florence Lawrence","","","","","","","","",""
"The Taming of the Shrew","1908","Florence Lawrence","Arthur V. Johnson","","","","","","","","",""
"The Tavern Keeper's Daughter","1908","George Gebhardt","Florence Auer","","","","","","Action","","",""
"A B C's of the U.S.A.","1909","","","","","","","","","","",""
"Adventures of a Drummer Boy","1909","","","","","","","","","","",""
"And a Little Child Shall Lead Them","1909","Marion Leonard","Arthur V. Johnson","","","","","","","","",""
"At the Altar","1909","Marion Leonard","","","","","","","Drama","","",""
"Boots and Saddles","1909","","","","","","","","","","",""
"The Brahma Diamond","1909","Harry Solter","Florence Lawrence","","","","","","","","",""
"A Brave Irish Lass","1909","","","","","","","","","","",""
"A Burglar's Mistake","1909","Harry Solter","Charles Inslee","","","","","","","","",""
"C.Q.D.; or, Saved by Wireless; a True Story of the Wreck of the Republic","1909","","","","","","","","","","",""
"The Castaways","1909","","","","","","","","","","",""
"Cohen at Coney Island","1909","","","","","","","","","","",""
"Cohen's Dream","1909","","","","","","","","","","",""
"A Colonial Romance","1909","","","","","","","","","","",""
"The Cord of Life[1]","1909","Charles Inslee","Marion Leonard","","","","","","","","",""
"The Cracker's Bride","1909","","","","","","","","","","",""
"The Criminal Hypnotist","1909","Owen Moore","Marion Leonard","","","","","","","","",""
"Cure for Bashfulness","1909","","","","","","","","","","",""
"The Curtain Pole[1]","1909","Mack Sennett","","","","","","","Comedy","","",""
"A Daughter of the Sun","1909","","","","","","","","","","",""
"The Deacon's Love Letters","1909","","","","","","","","","","",""
"The Deception","1909","","","","","","","","","","",""
"A Drunkard's Reformation","1909","Arthur V. Johnson","","","","","","","Drama","","",""
"Edgar Allan Poe","1909","Barry O'Moore","Linda Arvidson","","","","","","","","",""
"The Energetic Street Cleaner","1909","","","","","","","","","","",""
"The Fascinating Mrs. Francis","1909","","","","","","","","","","",""
"A Fool's Revenge","1909","Owen Moore","","","","","","","","","",""
"A Friend in the Enemy's Camp","1909","","","","","","","","","","",""
"The Girls and Daddy[1]","1909","Florence Lawrence","","","","","","","","","",""
"The Golden Louis","1909","","","","","","","","Drama","","",""
"The Haunted Lounge","1909","","","","","","","","","","",""
"The Hindoo Dagger","1909","Harry Solter","","","","","","","","","",""
"His Ward's Love","1909","Arthur V. Johnson","","","","","","","","","",""
"His Wife's Mother","1909","John R. Cumpson","","","","","","","","","",""
"The Honor of the Slums","1909","","","","","","","","","","",""
"The Honor of Thieves","1909","Harry Solter","","","","","","","","","",""
"I Did It","1909","","","","","","","","","","",""
"Jessie, the Stolen Child","1909","","","","","","","","","","",""
"Jones and His New Neighbors","1909","","","","","","","","","","",""
"The Joneses Have Amateur Theatricals","1909","John R. Cumpson","","","","","","","","","",""
"Kenilworth","1909","","","","","","","","","","",""
"King Lear","1909","William V. Ranous","","","","","","","","","",""
"The Life of Napoleon","1909","","","","","","","","","","",""
"Love Finds a Way","1909","Anita Hendrie","","","","","","","","","",""
"The Love of the Pasha's Son: A Turkish Romance","1909","","","","","","","","","","",""
"The Lure of the Gown","1909","Marion Leonard","","","","","","","","","",""
"The Mad Miner","1909","","","","","","","","","","",""
"The Maniac Cook","1909","","","","","","","","","","",""
"The Medicine Bottle","1909","","","","","","","","","","",""
"Midnight Disturbance","1909","","","","","","","","","","",""
"Mr. Jones Has a Card Party","1909","","","","","","","","","","",""
"Mrs. Jones Entertains","1909","","","","","","","","","","",""
"Napoleon and the Empress Josephine","1909","","","","","","","","","","",""
"The Old Soldier's Story","1909","","","","","","","","","","",""
"One Touch of Nature","1909","","","","","","","","Short","Drama","",""
"The Politician's Love Story","1909","","","","","","","","","","",""
"The Poor Musician","1909","","","","","","","","","","",""
"The Prussian Spy","1909","","","","","","","","","","",""
"The Road Agents","1909","","","","","","","","","","",""
"The Road to the Heart","1909","","","","","","","","","","",""
"A Rural Elopement","1909","","","","","","","","","","",""
"The Sacrifice","1909","","","","","","","","","","",""
"The Salvation Army Lass","1909","","","","","","","","","","",""
"A Sister's Love: A Tale of the Franco-Prussian War","1909","","","","","","","","","","",""
"A Sister's Love","1909","","","","","","","","","","",""
"Tag Day","1909","","","","","","","","","","",""
"A Tale of the West","1909","","","","","","","","","","",""
"The Tenderfoot","1909","","","","","","","","","","",""
"Those Awful Hats","1909","Mack Sennett","","","","","","","Comedy","","",""
"Those Boys!","1909","","","","","","","","","","",""
"Tragic Love","1909","","","","","","","","","","",""
"Trying to Get Arrested","1909","","","","","","","","","","",""
"The Voice of the Violin","1909","","","","","","","","","","",""
"The Welcome Burglar[1]","1909","","","","","","","","","","",""
"Where Is My Wandering Boy Tonight?","1909","","","","","","","","","","",""
"The Wooden Leg","1909","","","","","","","","","","",""
"A Wreath in Time","1909","","","","","","","","","","",""
"Abraham Lincoln's Clemency","1910","Leopold Wharton","","","","","","","","","",""
"An Arcadian Maid","1910","Mary Pickford","Mack Sennett","","","","","","Drama","","",""
"As It Is In Life","1910","George Nichols","Gladys Egan","Mary Pickford","","","","","Romance","Drama","",""
"A Christmas Carol","1910","Marc McDermott","Charles Stanton Ogle","","","","","","","","",""
"The Courtship of Miles Standish","1910","Robert Z. Leonard","","","","","","","Drama","","",""
"The Englishman and the Girl","1910","Charles Craig","Mary Pickford","","","","","","Comedy","","",""
"Frankenstein","1910","Augustus Phillips","Charles Stanton Ogle","Mary Fuller","","","","","","","",""
"The Fugitive","1910","Kate Bruce","Edward Dillon","","","","","","Drama","","",""
"Gentleman Joe","1910","Harry Carey","","","","","","","","","",""
"Hemlock Hoax, the Detective","1910","","","","","","","","Comedy","","",""
"The House with Closed Shutters","1910","Henry B. Walthall","","","","","","","Drama","","",""
"In Old California","1910","Frank Powell","Arthur V. Johnson","Marion Leonard","Henry B. Walthall","","","","Drama","","",""
"In the Border States","1910","Charles West","","","","","","","Drama","","",""
"A Lad from Old Ireland","1910","Sidney Olcott","Gene Gauntier","Thomas O'Connor","","","","","Drama","","",""
"Pocahontas","1910","Anna Rosemond","George Barnes","Frank H. Crane","","","","","Short","Fantasy","",""
"Pride of the Range","1910","Tom Mix","","","","","","","Western","","",""
"Ramona","1910","Mary Pickford","Henry B. Walthall","","","","","","Drama","","",""
"The Rocky Road","1910","Frank Powell","Stephanie Longfellow","","","","","","Drama","","",""
"Roosevelt in Africa","1910","Theodore Roosevelt","","","","","","","Documentary","","",""
"Rose O'Salem-Town","1910","Henry B. Walthall","","","","","","","Drama","Short","",""
"The Sanitarium","1910","Fatty Arbuckle","","","","","","","Comedy","","",""
"The Two Brothers","1910","Arthur V. Johnson","","","","","","","Western","","",""
"The Unchanging Sea","1910","Arthur V. Johnson","","","","","","","Drama","","",""
"What the Daisy Said","1910","Clara T. Bracy","Mary Pickford","Mack Sennett","","","","","","","",""
"The Woman from Mellon's","1910","Billy Quirk","Mary Pickford","","","","","","","","",""
"The Wonderful Wizard of Oz","1910","Bebe Daniels","","","","","","","","","",""
"Baseball and Bloomers","1911","William Garwood","Marguerite Snow","","","","","","Silent","Sports","",""
"The Black Arrow: A Tale of the Two Roses","1911","Charles Ogle","Natalie Jerome","","","","","","Drama","","",""
"Brown of Harvard","1911","Edgar G. Wynn","","","","","","","Drama","","",""
"Cally's Comet","1911","William Garwood","","","","","","","","","",""
"The Coffin Ship","1911","William Garwood","","","","","","","Adventure","","",""
"The Colonel and the King","1911","Marie Eline","William Garwood","","","","","","Drama","","",""
"Courting Across the Court","1911","William Garwood","","","","","","","Romance","Comedy","",""
"The Cowboy and the Lady","1911","Alan Hale","","","","","","","Western","","",""
"Flames and Fortune","1911","Marie Eline","William Garwood","","","","","","Drama","","",""
"For Her Sake","1911","William Garwood","","","","","","","","","",""
"Her Awakening","1911","Mabel Normand","Harry Hyde","","","","","","Drama","","",""
"The Higher Law","1911","William Garwood","James Cruze","","","","","","Drama","","",""
"David Copperfield","1911","Marie Eline","Florence La Badie","Mignon Anderson","William Russell","","","","Drama","","",""
"His Trust Fulfilled","1911","Wilfred Lucas","","","","","","","Drama","","",""
"The Italian Barber","1911","Joseph Graybill","Mary Pickford","","","","","","Drama","","",""
"The Last of the Mohicans","1911","James Cruze","","","","","","","Drama","","",""
"The New Superintendent","1911","Herbert Rawlinson","","","","","","","Drama","","",""
"The Pasha's Daughter","1911","William Garwood","","","","","","","","","",""
"Princess Clementina","1911","H. B. Irving","Alice Young","","","","","","Adventure","","",""
"The Railroad Builder","1911","William Garwood","","","","","","","","","",""
"The Scarlet Letter","1911","King Baggot","Lucille Young","","","","","","Drama","","",""
"The Smuggler","1911","William Garwood","","","","","","","","","",""
"Sweet Memories","1911","Mary Pickford","King Baggot","","","","","","Drama","","",""
"A Tale of Two Cities","1911","Maurice Costello","Florence Turner","","","","","","","","",""
"That's Happiness","1911","William Garwood","Bertha Blanchard","","","","","","Drama","","",""
"The Two Paths","1911","Dorothy Bernard","Wilfred Lucas","","","","","","Drama","","",""
"The Voice of the Child","1911","Edwin August","","","","","","","Drama","","",""
"Won by Wireless","1911","William Garwood","","","","","","","Thriller","","",""
"All for a Girl","1912","Dorothy Kelly","Leah Baird","","","","","","Romance","Comedy","",""
"At the Foot of the Ladder","1912","Mignon Anderson","William Garwood","","","","","","Romance","Drama","",""
"Aurora Floyd","1912","William Garwood","Florence La Badie","Harry Benham","","","","","Drama","","",""
"Baby Hands","1912","James Cruze","Jean Darnell","","","","","","Drama","","",""
"The Bandit of Tropico","1912","Harry von Meter","Vivian Rich","","","","","","Adventure","","",""
"A Battle of Wits","1912","Tom Moore","Alice Joyce","Earle Foxe","","","","","Drama","","",""
"The Belle of Bar-Z Ranch","1912","Harry von Meter","Vivian Rich","","","","","","Western","","",""
"A Business Buccaneer","1912","Tom Moore","Alice Joyce","","","","","","Comedy","","",""
"The Charge of the Light Brigade","1912","James Gordon","Richard Neill","","","","","","War","","",""
"Conductor 786","1912","William Garwood","Riley Chamberlin","Jean Darnell","","","","","Comedy","","",""
"The County Fair","1912","Earle Foxe","Alice Joyce","","","","","","Drama","","",""
"The Cry of the Children","1912","Marie Eline","Ethel Wright","James Cruze",".","","","","Drama","","",""
"The Deserter","1912","Francis Ford","Ethel Grandin","","","","","","Western","","",""
"The Eternal Mother","1912","Edwin August","Blanche Sweet","","","","","","Drama","","",""
"Dr. Jekyll and Mr. Hyde","1912","James Cruze","","","","","","","Horror","","",""
"For His Son","1912","Charles Hill Mailes","","","","","","","Drama","","",""
"Frankfurters and Quail","1912","William Garwood","","","","","","","Drama","","",""
"From the Manger to the Cross","1912","Robert Henderson-Bland","","","","","","","","","",""
"The Half-Breed's Way","1912","Harry von Meter","Vivian Rich","George Beech","","","","","Western","","",""
"His Only Son","1912","Wallace Reid","Dorothy Davenport","","","","","","Western","","",""
"It Happened Thus","1912","Charlotte Burton","Owen Moore","","","","","","Romance","Drama","",""
"The Land Beyond the Sunset","1912","Martin Fuller","Mrs. William Bechtel","Walter Edwin","Bigelow Cooper","","","","Drama","","",""
"A Leap for Love","1912","Ethel Wright","Frank Hall Crane","Rodman Law","","","","","Romance","Drama","",""
"The Little Girl Next Door","1912","William Garwood","Marguerite Snow","","","","","","Drama","","",""
"The Musketeers of Pig Alley","1912","Elmer Booth","Lillian Gish","","","","","","Drama","","",""
"A New Cure for Divorce","1912","William Garwood","Mignon Anderson","","","","","","Drama","","",""
"The New York Hat","1912","Mary Pickford","Lionel Barrymore","Lillian Gish","","","","","","","",""
"The Old Bookkeeper","1912","W. Chrystie Miller","Blanche Sweet","","","","","","Drama","","",""
"Petticoat Camp","1912","William Garwood","Florence La Badie","","","","","","Comedy","","",""
"Please Help the Pore","1912","William Garwood","Riley Chamberlin","Mignon Anderson","Marie Eline","","","","Drama","","",""
"The Power of Melody","1912","Harry von Meter","Vivian Rich","Eugenie Forde","","","","","Drama","","",""
"Put Yourself in His Place","1912","William Garwood","Marguerite Snow","","","","","","Drama","","",""
"Saved from the Titanic","1912","Dorothy Gibson","","","","","","","","","",""
"A Six Cylinder Elopement","1912","William Garwood","Riley Chamberlain","Marguerite Snow","","","","","Romance","Comedy","",""
"Standing Room Only","1912","William Garwood","Mignon Anderson","","","","","","Drama","","",""
"The Street Singer","1912","Earle Foxe","Alice Joyce","","","","","","Drama","","",""
"The Tell-Tale Message","1912","Earle Foxe","Hazel Neason","Stuart Holmes","","","","","Drama","","",""
"The Thunderbolt","1912","William Garwood","James Cruze","David Thompson","","","","","Drama","","",""
"An Unseen Enemy","1912","Lillian Gish","Dorothy Gish","","","","","","","","",""
"The Voice of Conscience","1912","Florence La Badie","Jean Darnell","","","","","","Drama","","",""
"What Happened to Mary?","1912","Mary Fuller","Marc McDermott","","","","","","","","",""
"When the Heart Calls","1912","Lee Moran","Russell Bassett","Louise Glaum","","","","","Western","Comedy","",""
"With the Mounted Police","1912","William Garwood","Mignon Anderson","","","","","","Romance","Thriller","",""
"The Young Millionaire","1912","Earle Foxe","Alice Joyce","","","","","","Drama","","",""
"The Adventures of Kathlyn","1913","Kathlyn Williams","","","","","","","Adventure","","",""
"American Born","1913","Sydney Ayres","Harry von Meter","Charles Cummings","","","","","Drama","","",""
"Article 47, L'","1913","William Garwood","Victory Bateman","Howard Davies","","","","","","","",""
"Back to Life","1913","J. Warren Kerrigan","Pauline Bush","","","","","","Drama","","",""
"Barney Oldfield's Race for a Life","1913","Mack Sennett","Mabel Normand","Ford Sterling","Barney Oldfield","","","","Comedy","","",""
"Beau Brummel","1913","James Young","Clara Kimball Young","","","","","","Adventure","","",""
"Beautiful Bismark","1913","William Garwood","","","","","","","Drama","","",""
"Bianca","1913","George Cooper","","","","","","","","","",""
"Bloodhounds of the North","1913","Murdock MacQuarrie","Pauline Bush","","","","","","Drama","","",""
"Bob's Baby","1913","Jean Acker","","","","","","","Comedy","","",""
"The Caged Bird","1913","William Garwood","Marguerite Snow","","","","","","Drama","","",""
"Calamity Anne's Beauty","1913","Louise Lester","","","","","","","","","",""
"Calamity Anne's Dream","1913","Louise Lester","","","","","","","","","",""
"Calamity Anne's Inheritance","1913","Louise Lester","","","","","","","","","",""
"Calamity Anne's Vanity","1913","Louise Lester","","","","","","","","","",""
"Calamity Anne, Heroine","1913","Louise Lester","","","","","","","","","",""
"Cohen Saves the Flag","1913","Ford Sterling","Mabel Normand","","","","","","Comedy","","",""
"The Cub Reporter's Temptation","1913","Earle Foxe","Alice Joyce","Tom Moore","","","","","Drama","","",""
"Cupid in a Dental Parlor","1913","Fred Mace","","","","","","","Comedy","","",""
"A Desperate Chance","1913","Earle Foxe","Alie Hollister","Robert G. Vignola","Helen Lidroth","Miriam Cooper","","","Drama","","",""
"Dr. Jekyll and Mr. Hyde","1913","King Baggot","","","","","","","Horror","","",""
"The Evidence of the Film","1913","William Garwood","Marie Eline","","","","","","Crime","","",""
"The Face at the Window","1913","Earle Foxe","Irene Boyle","Stuart Holmes","","","","","Drama","","",""
"The Fire Coward","1913","Earle Foxe","Irene Boyle","","","","","","Drama","","",""
"The Flirt and the Bandit","1913","","","","","","","","Drama","","",""
"For the Crown","1913","Charlotte Burton","Helen Armstrong","J. Warren Kerrigan","","","","","","","",""
"For the Flag","1913","Charlotte Burton","","","","","","","Drama","","",""
"A Forest Romance","1913","Harry von Meter","Mona Darkfeather","","","","","","","","",""
"The Game Warden","1913","Earle Foxe","Irene Boyle","Stuart Holmes","","","","","Romance","Comedy","",""
"The Girl and the Greaser","1913","Charlotte Burton","J. Warren Kerrigan","Louise Lester","","","","","","","",""
"The Greater Love","1913","Charlotte Burton","Mabel Brown","Edward Coxen","","","","","Drama","","",""
"His Chum the Baron","1913","Ford Sterling","","","","","","","Comedy","","",""
"Hulda of the Netherlands","1913","","","","","","","","","","",""
"Hurricane in Galveston","1913","","","","","","","","Drama","","",""
"In the Secret Service","1913","Charles Bartlett","","","","","","","Western","","",""
"Justice of the Wild","1913","Harry von Meter","Mona Darkfeather","","","","","","Adventure","","",""
"A Little Hero","1913","Mabel Normand","Harold Lloyd","","","","","","Comedy","","",""
"The Mirror","1913","Henry B. Walthall","","","","","","","","","",""
"Oil and Water","1913","Blanche Sweet","Henry B. Walthall","Lionel Barrymore","","","","","Drama","","",""
"The Old Monk's Tale","1913","Ben F. Wilson","","","","","","","Drama","","",""
"The Proof of the Man","1913","Alexander Gaden","Edna Maison","","","","","","Drama","","",""
"The Quakeress","1913","Louise Glaum","","","","","","","Drama","","",""
"The Restless Spirit","1913","J. Warren Kerrigan","Pauline Bush","","","","","","Drama","","",""
"The Rose of San Juan","1913","Sydney Ayres","Charlotte Burton","Louise Lester","","","","","Drama","","",""
"Rory o' the Bogs","1913","J. Warren Kerrigan","","","","","","","","","",""
"Sally Scraggs, Housemaid","1913","Robert Z. Leonard","Margarita Fischer","","","","","","Comedy","","",""
"The Shoemaker and the Doll","1913","William Garwood","","","","","","","Drama","","",""
"The Telephone Girl and the Lady","1913","Mae Marsh","Claire McDowell","","","","","","Drama","","",""
"Three Friends","1913","Henry B. Walthall","Blanche Sweet","Lionel Barrymore","","","","","Drama","","",""
"The Twelfth Juror","1913","Ben F. Wilson","","","","","","","Drama","","",""
"Unto the Third Generation","1913","Earle Foxe","Florence Lawrence","Matt Moore","","","","","Romance","Drama","",""
"While There's Life","1913","Charlotte Burton","Jean Durrell","","","","","","Drama","","",""
"Woman's Honor","1913","Charlotte Burton","Louise Lester","","","","","","Drama","","",""
"The Amateur Detective","1914","Carey L. Hastings","Ernest C. Warde","Muriel Ostriche","","","","","Comedy","","",""
"The Archeologist","1914","Charlotte Burton","Edward Coxen","George Field","Winifred Greenwood","John Steppling","","","Drama","","",""
"At the Potter's Wheel","1914","Charlotte Burton","Sydney Ayres","Caroline Frances Cooke","Louise Lester","Jack Richardson","Vivian Rich","","Drama","","",""
"The Avenging Conscience","1914","Henry B. Walthall","Blanche Sweet","","","","","","Drama","Horror","",""
"Back to the Farm","1914","Herbert Tracey","Royal Byron","Eloise Willard","Mabel Paige","Oliver Hardy","","","Comedy","","",""
"The Baggage Smasher","1914","Fatty Arbuckle","","","","","","","Comedy","","",""
"The Bargain","1914","William S. Hart","J. Barney Sherry","Clara Williams","","","","","Western","","",""
"Barnyard Flirtations","1914","Fatty Arbuckle","","","","","","","Comedy","","",""
"A Bath House Beauty","1914","Fatty Arbuckle","","","","","","","Comedy","","",""
"The Battle of the Sexes","1914","Donald Crisp","Lilian Gish","","","","","","Drama","","",""
"The Beggar Child","1914","Charlotte Burton","Edward Coxen","George Field","Winifred Greenwood","John Steppling","","","","","",""
"Between Showers","1914","Charlie Chaplin","Ford Sterling","Chester Conklin","","","","","","","",""
"Billy's Rival","1914","William Garwood","Louise Lester","Jack Richardson","Vivian Rich",".","Harry von Meter","","","","",""
"A Blowout at Santa Banana","1914","Charlotte Burton","Sydney Ayres","Louise Lester","Jack Richardson","","","","Comedy","","",""
"The Body in the Trunk","1914","William Garwood","George Larkin","","","","","","","","",""
"Break, Break, Break","1914","B. Reeves Eason","William Garwood","Louise Lester","Jack Richardson","Vivian Rich","Harry von Meter","","Drama","","",""
"Brewster's Millions","1914","Edward Abeles","Sydney Deane","Joseph Singleton","","","","","Comedy","","",""
"Brute Force","1914","Robert Harron","Mae Marsh","William J. Butler","Wilfred Lucas","","","","Drama","","",""
"Business Versus Love","1914","Edward Coxen","Winifred Greenwood","Harry von Meter","Jack Richardson","","","","","","",""
"A Busy Day","1914","Charlie Chaplin","Mack Swain","Phyllis Allen","","","","","Comedy","","",""
"The Butterfly","1914","Charlotte Burton","George Field","Edward Coxen","Edith Borella","Jean Durrell","Ida Lewis","John Steppling","","","",""
"Calamity Anne's Love Affair","1914","Charlotte Burton","Louise Lester","George Field","Edith Borella","B. Reeves Eason","","","Western","","",""
"The Call of the North","1914","Robert Edeson","Theodore Roberts","","","","","","Adventure","","",""
"The Call of the Traumerei","1914","Charlotte Burton","Sydney Ayres","Caroline Frances Cooke","Jack Richardson","","","","","","",""
"The Cameo of the Yellowstone","1914","William Garwood","Harry De Vere","Louise Lester","","","","","Western","","",""
"Captain Alvarez","1914","Edith Storey","William Desmond Taylor","George Holt","","","","","Historical","Drama","",""
"Caught in a Cabaret","1914","Charlie Chaplin","Mabel Normand","Edgar Kennedy","","","","","Comedy","","",""
"Caught in the Rain","1914","Charlie Chaplin","Mack Swain","Alice Davenport","","","","","Comedy","","",""
"The Certainty of Man","1914","Charlotte Burton","Sydney Ayres","Chick Morrison","","","","","Drama","","",""
"Chicken Chaser","1914","Fatty Arbuckle","Gordon Griffith","","","","","","Comedy","","",""
"Cinderella","1914","Mary Pickford","Owen Moore","Isobel Vernon","","","","","Fantasy","Drama","",""
"The Cocoon and the Butterfly","1914","William Garwood","Louise Lester","","","","","","Drama","","",""
"The Combination of the Safe","1914","Earle Foxe","","","","","","","Crime","Drama","",""
"The Coming of the Padres","1914","Sydney Ayres","Perry Banks","Louise Lester","","","","","","","",""
"Cruel, Cruel Love","1914","Charlie Chaplin","Edgar Kennedy","Minta Durfee","","","","","Comedy","","",""
"Damaged Goods","1914","Richard Bennett","Adrienne Morrison","Maude Milton","","","","","","","",""
"David Gray's Estate","1914","Charlotte Burton","Sydney Ayres","Chick Morrison","","","","","","","",""
"Destinies Fulfilled","1914","Charlotte Burton","Sydney Ayres","Jacques Jaccard","Violet Knights","","","","Comedy","","",""
"Does It End Right?","1914","William Garwood","Charlotte Burton","Louise Lester","Vivian Rich","","","","","","",""
"Dough and Dynamite","1914","Charlie Chaplin","Chester Conklin","Fritz Schade","","","","","Comedy","","",""
"The Envoy Extraordinary","1914","Jack Nelson","Caroline Frances Cooke","","","","","","Drama","","",""
"The Escape","1914","Donald Crisp","Blanche Sweet","Mae Marsh","","","","","Drama","","",""
"The Exploits of Elaine","1914","Pearl White","Sheldon Lewis","","","","","","Drama","","",""
"The Face on the Bar Room Floor","1914","Charles Chaplin","Cecile Arnold","Fritz Schade","","","","","Comedy","","",""
"The Fatal Mallet","1914","Charles Chaplin","Mabel Normand","Mack Sennett","","","","","Comedy","","",""
"Fate's Decree","1914","William Garwood","Richard Henry Cummings","Billie West","","","","","","","",""
"Fatty's Magic Pants","1914","Fatty Arbuckle","Charly Chase","","","","","","Comedy","","",""
"Feast and Famine","1914","B. Reeves Eason","William Garwood","Harry von Meter","","","","","","","",""
"A Film Johnnie","1914","Charlie Chaplin","Fatty Arbuckle","Mabel Normand","","","","","","","",""
"The Final Impulse","1914","Charlotte Burton","Perry Banks","William Bertram","Edward Coxen","","","","","","",""
"The Floor Above","1914","Earle Foxe","Henry Walthall","Dorothy Gish","","","","","Mystery","Drama","",""
"A Florida Enchantment","1914","Sydney Drew","Edith Storey","","","","","","","","",""
"In the Footprints of Mozart","1914","Charlotte Burton","William Bertram","Edith Borella","","","","","","","",""
"The Forbidden Room","1914","Murdock MacQuarrie","Pauline Bush","","","","","","Drama","","",""
"Gentlemen of Nerve","1914","Charlie Chaplin","Mabel Normand","Chester Conklin","","","","","Comedy","","",""
"Gertie the Dinosaur","1914","Winsor McCay","George McManus","","","","","","Animated","","",""
"Getting Acquainted","1914","Charlie Chaplin","Mabel Normand","Phyllis Allen","","","","","Comedy","","",""
"The Ghost Breaker","1914","H. B. Warner","Rita Stanwood","Theodore Roberts","","","","","Drama","","",""
"The Girl in the Shack","1914","Earle Foxe","Spottiswoode Aitken","Mae Marsh","","","","","","","",""
"A Good Little Devil","1914","Mary Pickford","Ernest Truex","David Belasco","","","","","Drama","","",""
"The Green-Eyed Devil","1914","Spottiswoode Aitken","Earle Foxe","William Garwood","","","","","","","",""
"A Happy Coersion","1914","Perry Banks","William Bertram","Jacques Jaccard","","","","","","","",""
"The Hazards of Helen","1914","Helen Holmes","","","","","","","Adventure","","",""
"Her Friend the Bandit","1914","Charles Chaplin","Mabel Normand","Charles Murray","","","","","Comedy","","",""
"Her Younger Sister","1914","Charlotte Burton","Fred Gamble","","","","","","Comedy","","",""
"His Faith in Humanity","1914","William Garwood","Louise Lester","","","","","","","","",""
"His Father's Rifle","1914","Earle Foxe","Bertram Grassby","","","","","","Drama","","",""
"His Favourite Pastime","1914","Charlie Chaplin","Fatty Arbuckle","Viola Barry","","","","","Comedy","","",""
"His Majesty, the Scarecrow of Oz","1914","Violet MacMillan","Pierre Couderc","","","","","","Fantasy","","",""
"His Musical Career","1914","Charlie Chaplin","Mack Swain","Charley Chase","","","","","Comedy","","",""
"His New Profession","1914","Charlie Chaplin","Charley Chase","Fatty Arbuckle","","","","","Comedy","","",""
"His Prehistoric Past","1914","Charlie Chaplin","Mack Swain","Fritz Schade","","","","","Comedy","","",""
"His Trysting Place","1914","Charlie Chaplin","Mabel Normand","","","","","","Comedy","","",""
"Home, Sweet Home","1914","Earle Foxe","Henry B. Walthall","Dorothy Gish","","","","","Biography","Drama","",""
"The Hopes of Blind Alley","1914","Murdock MacQuarrie","Pauline Bush","","","","","","Drama","","",""
"The Hunchback","1914","F. A. Turner","William Garwood","Lillian Gish","","","","","Drama","","",""
"Imar the Servitor","1914","William Garwood","","","","","","","Drama","","",""
"In Tune","1914","Charlotte Burton","Edward Coxen","George Field","Winifred Greenwood","","","","","","",""
"In the Candlelight","1914","William Garwood","Charlotte Burton","","","","","","","","",""
"In the Land of the Head Hunters","1914","","","","","","","","Documentary","Drama","",""
"In the Open","1914","William Garwood","Louise Lester","","","","","","","","",""
"Jail Birds","1914","William Garwood","Charlotte Burton","","","","","","","","",""
"Judith of Bethulia","1914","Blanche Sweet","Henry B. Walthall","","","","","","Drama","","",""
"The Jungle","1914","George Nash","Gail Kane","Julia Hurley","","","","","Drama","","",""
"Kid Auto Races at Venice","1914","Charlie Chaplin","","","","","","","Comedy","","",""
"The Kiss","1914","Ella Margaret Gibson","George Holt","William Desmond Taylor","","","","","Drama","","",""
"The Knockout","1914","Charlie Chaplin","Fatty Arbuckle","Edgar Kennedy","","","","","Comedy","","",""
"Laughing Gas","1914","Charlie Chaplin","Fritz Schade","","","","","","Comedy","","",""
"The Life of General Villa","1914","Pancho Villa","Irene Hunt","Raoul Walsh","","","","","Drama","","",""
"Little Lord Fauntleroy","1914","H. Agar Lyons","Fred Eustace","Edward Viner","","","","","Drama","","",""
"A Little Madonna","1914","William Desmond Taylor","Patricia Palmer","","","","","","Drama","","",""
"The Livid Flame","1914","Earle Foxe","Lafe McKee","","","","","","Drama","","",""
"The Lost Sermon","1914","William Garwood","Harry De Vere","Harry von Meter","","","","","","","",""
"Love and Bullets","1914","Fatty Arbuckle","Phyllis Allen","Charley Chase","","","","","Comedy","","",""
"The Lover's Gift","1914","Earle Foxe","Mary Alden","Francelia Billington","","","","","","","",""
"Lucille Love, Girl of Mystery","1914","Grace Cunard","Francis Ford","Harry Schumm","John Ford","","","","Action","","",""
"The Lure of the Sawdust","1914","Charlotte Burton","George Field","Edward Coxen","","","","","Drama","","",""
"Mabel at the Wheel","1914","Charlie Chaplin","Mabel Normand","","","","","","Comedy","","",""
"Mabel's Blunder","1914","Mabel Normand","Charly Chase","Al St. John","","","","","Comedy","","",""
"Mabel's Busy Day","1914","Charlie Chaplin","Mabel Normand","","","","","","Comedy","","",""
"Mabel's Married Life","1914","Charlie Chaplin","Mabel Normand","","","","","","Comedy","","",""
"Mabel's Strange Predicament","1914","Charlie Chaplin","Mabel Normand","","","","","","Comedy","","",""
"The Magic Cloak of Oz","1914","Juanita Hansen","Violet MacMillan","Mildred Harris","","","","","Fantasy","Drama","",""
"Making a Living","1914","Charlie Chaplin","Virginia Kirtley","Alice Davenport","","","","","Comedy","","",""
"The Man from Home","1914","Charles Richman","Theodore Roberts","Fred Montague","","","","","Drama","","",""
"A Man's Way","1914","William Garwood","Charlotte Burton","Louise Lester","","","","","","","",""
"The Masquerader","1914","Charlie Chaplin","Fatty Arbuckle","","","","","","Comedy","","",""
"The Master Key","1914","Robert Z. Leonard","Ella Hall","","","","","","","","",""
"The Master Mind","1914","Edmund Breese","Fred Montague","Jane Darwell","","","","","Crime","Drama","",""
"Mein Lieber Katrina","1914","Charlotte Burton","George Field","Ida Lewis","","","","","Comedy","","",""
"Michael Strogoff","1914","Jacob P. Adler","Daniel Makarenko","Eleanor Barry","","","","","Drama","","",""
"Mein Lieber Katrina Catches a Convict","1914","Charlotte Burton","Harry De Vere","Perry Banks","","","","","Comedy","","",""
"The Mystery of the Hindu Image","1914","Raoul Walsh","Dark Cloud","Eagle Eye","","","","","Drama","","",""
"Nature's Touch","1914","William Garwood","Jack Richardson","Louise Lester","","","","","","","",""
"The Navy Aviator","1914","Sydney Ayres","Caroline Cooke","Jack Richardson","","","","","","","",""
"Neptune's Daughter","1914","Annette Kellerman","William E. Shay","William Welsh","","","","","Fantasy","","",""
"The New Janitor","1914","Charlie Chaplin","Jess Dandy","John T. Dillon","","","","","Comedy","","",""
"Old Enough to Be Her Grandpa","1914","Charlotte Burton","William Garwood","","","","","","Comedy","","",""
"The Only Son","1914","Jim Blackwell","Jane Darwell","","","","","","","","",""
"The Patchwork Girl of Oz","1914","Violet MacMillan","Pierre Couderc","","","","","","Fantasy","Drama","",""
"The Perils of Pauline","1914","Pearl White","","","","","","","Adventure","","",""
"The Power of Light","1914","Charlotte Burton","Sydney Ayres","Jacques Jaccard","","","","","Drama","","",""
"The Property Man","1914","Charlie Chaplin","Phyllis Allen","Alice Davenport","","","","","Comedy","","",""
"Recreation","1914","Charles Chaplin","","","","","","","Comedy","","",""
"Redbird Wins","1914","Perry Banks","William Garwood","","","","","","","","",""
"The Redemption of a Pal","1914","Edith Borella","Charlotte Burton","George Field","","","","","Drama","","",""
"Richelieu","1914","Murdock MacQuarrie","William C. Dowlan","","","","","","Biography","","",""
"The Rose Bush of Memories","1914","Earle Foxe","Mary Alden","Francelia Billington","","","","","","","",""
"Rose of the Rancho","1914","Bessie Barriscale","Jane Darwell","Jeanie MacPherson","","","","","Western","","",""
"Rosemary, That's for Remembrance","1914","Earle Foxe","Adda Gleason","","","","","","Drama","","",""
"The Rounders","1914","Charlie Chaplin","Fatty Arbuckle","Phyllis Allen","","","","","Comedy","","",""
"Salomy Jane","1914","Beatriz Michelena","House Peters","","","","","","Western","","",""
"Samson","1914","J. Warren Kerrigan","George Periolat","Lule Warrenton","","","","","Drama","","",""
"Shotgun Jones","1914","Wheeler Oakman","","","","","","","Western","","",""
"Should a Woman Divorce?","1914","Lea Leland","Leonid Samoloff","","","","","","Drama","","",""
"Sir Galahad of Twilight","1914","Perry Banks","B. Reeves Eason","William Garwood","","","","","Drama","","",""
"The Sleeping Sentinel","1914","","","","","","","","Historical","Drama","",""
"A Slice of Life","1914","Charlotte Burton","Perry Banks","","","","","","","","",""
"The Son of Thomas Gray","1914","Virginia Fordyce","Sydney Ayres","Jacques Jaccard","","","","","","","",""
"The Song of the Sea Shell","1914","Edith Borella","Charlotte Burton","George Field","","","","","Drama","","",""
"A Soul Astray","1914","Charlotte Burton","William Bertram","Edith Borella","","","","","","","",""
"The Sower Reaps","1914","William Garwood","Harry von Meter","Vivian Rich","","","","","Drama","","",""
"Sparrow of the Circus","1914","B. Reeves Eason","Jack Richardson","","","","","","","","",""
"The Spoilers","1914","William Farnum","Kathlyn Williams","Tom Santschi","","","","","Drama","","",""
"The Squaw Man","1914","Dustin Farnum","","","","","","","Western","","",""
"The Star Boarder","1914","Charlie Chaplin","Minta Durfee","Edgar Kennedy","Alice Davenport","Gordon Griffith","","","Comedy","","",""
"A Story of Little Italy","1914","Sydney Ayres","Jacques Jaccard","Jack Richardson","Vivian Rich","Harry von Meter","","","","","",""
"The Story of the Olive","1914","Sydney Ayres","Perry Banks","Edith Borella","Caroline Cooke","Harry von Meter","","","","","",""
"The Strength o' Ten","1914","William Garwood","Harry von Meter","","","","","","Drama","","",""
"A Study in Scarlet","1914","Francis Ford","Grace Cunard","John Ford","","","","","","","",""
"Sweet and Low","1914","William Garwood","Harry von Meter","","","","","","Drama","","",""
"Such a Little Queen","1914","Mary Pickford","Harold Lockwood","","","","","","Comedy","","",""
"The Taming of Sunnybrook Nell","1914","William Garwood","Louise Lester","B. Reeves Eason","","","","","","","",""
"Tango Tangles","1914","Charlie Chaplin","Fatty Arbuckle","Ford Sterling","","","","","Comedy","","",""
"The Telltale Knife","1914","Tom Mix","Hoot Gibson","","","","","","Western","","",""
"The Ten of Spades","1914","William Garwood","Victory Bateman","William Lowery","Muriel Ostriche","","","","","","",""
"Tess of the Storm Country","1914","Mary Pickford","","","","","","","Drama","","",""
"Their Worldly Goods","1914","William Garwood","Edith Borella","Charlotte Burton","","","","","","","",""
"This Is th' Life","1914","Charlotte Burton","George Field","Edward Coxen","Edith Borella","John Steppling","","","","","",""
"Those Love Pangs","1914","Charlie Chaplin","Chester Conklin","Cecile Arnold","","","","","Comedy","","",""
"A Ticket to Red Horse Gulch","1914","Belle Bennett","William Garwood","William Lowery","","","","","Western","","",""
"Tillie's Punctured Romance","1914","Charlie Chaplin","Marie Dressler","Mabel Normand","Keystone Kops","","","","Comedy","","",""
"To Be Called For","1914","Adda Gleason","Lafe McKee","Earle Foxe","","","","","Comedy","","",""
"The Town of Nazareth","1914","Charlotte Burton","William Bertram","Albert Cavens","Edward Coxen","","","","","","",""
"True Western Hearts","1914","Sydney Ayres","Helen Armstrong","Jacques Jaccard","","","","","Western","","",""
"A Turn of the Cards","1914","William Garwood","Howard Davies","William Lowery","","","","","Drama","","",""
"Twenty Minutes of Love","1914","Charlie Chaplin","Minta Durfee","Edgar Kennedy","","","","","Comedy","","",""
"Uncle Tom's Cabin (1914 film)","1914","Sam Lucas","Teresa Michelena","Roy Applegate","","","","","Drama","","",""
"The Unlawful Trade","1914","Pauline Bush","William Lloyd","","","","","","Drama","","",""
"The Unmasking","1914","William Garwood","Harry De Vere","Jack Richardson","Vivian Rich","","","","","","",""
"Unto the Weak","1914","Charlotte Burton","William Bertram","","","","","","Drama","","",""
"The Virginian","1914","Dustin Farnum","","","","","","","Western","","",""
"What's His Name","1914","Max Figman","Lolita Robertson","","","","","","Comedy","","",""
"When a Woman Waits","1914","Charlotte Burton","Bessie Banks","","","","","","Drama","","",""
"The Widow's Investment","1914","Charlotte Burton","Sydney Ayres","Chick Morrison","","","","","Drama","","",""
"Wildflower","1914","Marguerite Clark","Harold Lockwood","","","","","","Romance","","",""
"The Wishing Ring","1914","Vivian Martin","Alec B. Francis","Chester Barnett","","","","","Comedy","","",""
"The Wrath of the Gods","1914","Sessue Hayakawa","Tsuru Aoki","Frank Borzage","","","","","Drama","","",""
"The Wrong Birds","1914","Edith Borella","Charlotte Burton","George Field","Edward Coxen","","","","Drama","","",""
"After Five","1915","Edward Abeles","Sessue Hayakawa","","","","","","Comedy","","",""
"After the Storm","1915","Vivian Rich","Harry von Meter","","","","","","","","",""
"Anna Karenina","1915","Betty Nansen","and","Edward José","","","","","Historical","Drama","",""
"The Arab","1915","Edgar Selwyn","Horace B. Carpenter","","","","","","Adventure","","",""
"The Assayer of Lone Gap","1915","Perry Banks","Louise Lester","","","","","","","","",""
"Auntie's Portrait","1915","Sidney Drew","Ethel Lee","","","","","","Comedy","Short","",""
"The Barren Gain","1915","Charlotte Burton","","","","","","","Drama","","",""
"The Beachcomber","1915","Hobart Bosworth","","","","","","","Drama","","",""
"Beyond His Fondest Hopes","1915","Harold Lloyd","","","","","","","Comedy","","",""
"Birth of a Nation","1915","Lillian Gish","Mae Marsh","","","","","","","","",""
"The Blot on the Shield","1915","Dick La Reno","Vivian Rich","","","","","","","","",""
"The Bluffers","1915","Vivian Rich","Gayne Whitman","","","","","","","","",""
"Buckshot John","1915","Hobart Bosworth","","","","","","","Western","","",""
"Bughouse Bellhops","1915","Harold Lloyd","","","","","","","Comedy","","",""
"Burlesque on Carmen","1915","Charles Chaplin","Edna Purviance","","","","","","Comedy","","",""
"The Captive","1915","Blanche Sweet","House Peters","","","","","","Historical","","",""
"Carmen","1915","Geraldine Farrar","Wallace Reid","","","","","","Adventure","","",""
"Carmen","1915","Theda Bara","","","","","","","Adventure","","",""
"The Champion","1915","Charles Chaplin","","","","","","","Comedy","Short","",""
"The Cheat","1915","Fannie Ward","Sessue Hayakawa","","","","","","Drama","","",""
"Chimmie Fadden","1915","Victor Moore","","","","","","","Comedy","Western","",""
"Chimmie Fadden Out West","1915","Victor Moore","","","","","","","Comedy","Western","",""
"The Chorus Lady","1915","Cleo Ridgely","Marjorie Daw","","","","","","Comedy","","",""
"Christmas Memories","1915","Delmer Daves","Robert Z. Leonard","","","","","","Drama","","",""
"Close-Cropped Clippings","1915","Harold Lloyd","","","","","","","Comedy","","",""
"The Commuters","1915","Irene Fenwick","","","","","","","Comedy","","",""
"Competition","1915","Charlotte Burton","","","","","","","","","",""
"Court House Crooks","1915","Ford Sterling","Charles Arling","","","","","","Comedy","","",""
"David Harum","1915","William H. Crane","May Allison","","","","","","Romance","Comedy","",""
"The Day of Reckoning","1915","Vivian Rich","David Lythgoe","","","","","","Drama","","",""
"Double Trouble","1915","Douglas Fairbanks","Margery Wilson","","","","","","Comedy","","",""
"Drawing the Line","1915","Lillian Buckingham","","","","","","","Drama","","",""
"Enoch Arden","1915","Alfred Paget","Lillian Gish","","","","","","Drama","","",""
"The Exile of Bar-K Ranch","1915","Jack Richardson","","","","","","","Western","","",""
"Fatty's Tintype Tangle","1915","Fatty Arbuckle","","","","","","","Comedy","","",""
"A Fool There Was","1915","Theda Bara","Edward Jose","","","","","","Drama","","",""
"A Foozle at the Tee Party","1915","Harold Lloyd","","","","","","","Comedy","","",""
"Four Feathers","1915","Edgar L. Davenport","Fuller Mellish","","","","","","Drama","","",""
"From Italy's Shores","1915","Harold Lloyd","","","","","","","Comedy","","",""
"Fresh from the Farm","1915","Harold Lloyd","","","","","","","Comedy","","",""
"The Girl of the Golden West","1915","Mabel Van Buren","","","","","","","Western","","",""
"A Girl of Yesterday","1915","Mary Pickford","Jack Pickford","","","","","","Comedy","","",""
"Giving Them Fits","1915","Harold Lloyd","","","","","","","Comedy","","",""
"The Golden Chance","1915","Cleo Ridgely","Wallace Reid","","","","","","Drama","","",""
"A Good Business Deal","1915","Jack Richardson","","","","","","","","","",""
"Great While It Lasted","1915","Harold Lloyd","","","","","","","Comedy","","",""
"Hearts in Shadow","1915","Louise Lester","","","","","","","","","",""
"His New Job","1915","Charlie Chaplin","Ben Turpin","","","","","","Comedy","","",""
"The Honor of the District Attorney","1915","Vivian Rich","","","","","","","Drama","","",""
"The Hungry Actors","1915","Harold Lloyd","","","","","","","Comedy","","",""
"The Immigrant","1915","Valeska Suratt","","","","","","","Drama","","",""
"In The Park","1915","Charlie Chaplin","Leo White","Edna Purviance","","","","","Comedy","","",""
"In Trust","1915","Bessie Banks","Perry Banks","","","","","","","","",""
"Inspiration","1915","Audrey Munson","Thomas A. Curran","","","","","","Drama","","",""
"The Italian","1915","George Beban","Clara Williams","","","","","","Drama","","",""
"Judge Not; or The Woman of Mona Diggings","1915","Julia Dean","Harry Carter","","","","","","Drama","","",""
"Just Nuts","1915","Harold Lloyd","","","","","","","Comedy","","",""
"Kindling","1915","","","","","","","","","","",""
"Lady Audley's Secret","1915","Theda Bara","Riley Hatch","","","","","","Drama","","",""
"The Lamb","1915","Douglas Fairbanks Sr.","Seena Owen","","","","","","","","",""
"The Little Lady Next Door","1915","Perry Banks","Louise Lester","","","","","","","","",""
"Lonesome Luke, Social Gangster","1915","Harold Lloyd","","","","","","","Comedy","","",""
"Love, Loot and Crash","1915","Charley Chase","Dora Rodgers","","","","","","Comedy","","",""
"Mabel and Fatty Viewing the World's Fair at San Francisco","1915","Mabel Normand","Fatty Arbuckle","","","","","","","","",""
"The Man from Texas","1915","Tom Mix","","","","","","","Western","","",""
"Martyrs of the Alamo","1915","Sam De Grasse","","","","","","","Historical","","",""
"A Mixup for Mazie","1915","Harold Lloyd","","","","","","","Comedy","","",""
"Mountain Mary","1915","Louise Lester","","","","","","","","","",""
"The Newer Way","1915","Joseph Galbraith","","","","","","","","","",""
"Peculiar Patients' Pranks","1915","Harold Lloyd","","","","","","","Comedy","","",""
"Pete, the Pedal Polisher","1915","Harold Lloyd","","","","","","","Comedy","","",""
"The Poet of the Peaks","1915","Louise Lester","","","","","","","","","",""
"Pool Sharks","1915","W. C. Fields","","","","","","","Comedy","Short","",""
"The Pretty Sister of Jose","1915","Marguerite Clark","Jack Pickford","","","","","","Romance","","",""
"Profit from Loss","1915","Vivian Rich","","","","","","","","","",""
"A Question of Honor","1915","Jack Richardson","","","","","","","","","",""
"Ragtime Snap Shots","1915","Harold Lloyd","","","","","","","","","",""
"The Raven","1915","Henry Walthall","","","","","","","Biography","","",""
"Regeneration","1915","Rockliffe Fellowes","Anna Q. Nilsson","","","","","","Crime","Drama","",""
"The Ring of Destiny","1915","Cleo Madison","Hoot Gibson","","","","","","Western","","",""
"Ruses, Rhymes and Roughnecks","1915","Harold Lloyd","","","","","","","","","",""
"She Walketh Alone","1915","","","","","","","","","","",""
"Should a Wife Forgive?","1915","Lillian Lorraine","Henry King","","","","","","Drama","","",""
"The Silver Lining","1915","Gayne Whitman","Vivian Rich","","","","","","","","",""
"A Small Town Girl","1915","Pauline Bush","William Lloyd","Lon Chaney","","","","","Drama","","",""
"The Smuggler's Cave","1915","Jack Richardson","","","","","","","Drama","","",""
"The Solution to the Mystery","1915","Vivian Rich","","","","","","","","","",""
"Some Baby","1915","Harold Lloyd","","","","","","","","","",""
"The Soul of Broadway","1915","Valeska Suratt","","","","","","","Drama","","",""
"The Spirit of Adventure","1915","Jack Richardson","","","","","","","","","",""
"Spit-Ball Sadie","1915","Harold Lloyd","","","","","","","","","",""
"Stingaree","1915","True Boardman","","","","","","","","","",""
"A Submarine Pirate","1915","Syd Chaplin","Wesley Ruggles","","","","","","Comedy","","",""
"The Substitute Minister","1915","Vivian Rich","","","","","","","","","",""
"Temptation","1915","Geraldine Farrar","Theodore Roberts","","","","","","Drama","","",""
"Terribly Stuck Up","1915","Harold Lloyd","","","","","","","Comedy","","",""
"Their Social Splash","1915","Slim Summerville","Harold Lloyd","","","","","","Comedy","","",""
"Tinkering with Trouble","1915","Harold Lloyd","Snub Pollard","","","","","","Comedy","","",""
"To Melody a Soul Responds","1915","Ashton Dearholt","","","","","","","","","",""
"To Rent Furnished","1915","Bessie Banks","","","","","","","","","",""
"The Toast of Death","1915","Louise Glaum","","","","","","","Drama","","",""
"The Tramp","1915","Charles Chaplin","","","","","","","Comedy","Short","",""
"The Two Orphans","1915","Theda Bara","","","","","","","Drama","","",""
"The Unafraid","1915","Rita Jolivet","House Peters","","","","","","Drama","","",""
"The Vampire (1915 film)","1915","Olga Petrova","","","","","","","Drama","","",""
"The Warrens of Virginia","1915","Blanche Sweet","James Neill","","","","","","Drama","","",""
"The Wasp","1915","Vivian Rich","","","","","","","","","",""
"The Wild Goose Chase","1915","Ina Claire","Lucien Littlefield","","","","","","Comedy","Drama","",""
"Willie Runs the Park","1915","Harold Lloyd","Jane Novak","","","","","","Comedy","","",""
"Work","1915","Charles Chaplin","Edna Purviance","","","","","","Comedy","","",""
"20,000 Leagues Under the Sea","1916","Lois Alexander","Curtis Benton","Wallace Clarke","Allen Holubar","","","","Action","Adventure","",""
"A La Cabaret","1916","Ora Carew","Joseph Belmont","Blanche Payson","","","","","Comedy","","",""
"The Abandonment","1916","Forrest Taylor","Harry von Meter","Helene Rosson","","","","","Drama","","",""
"American Aristocracy","1916","Douglas Fairbanks","Jewel Carmen","","","","","","Adventure","Comedy","",""
"The Americano","1916","Douglas Fairbanks","","","","","","","Adventure","","",""
"Arthur's Desperate Resolve","1916","William Garwood","Lois Wilson","","","","","","Comedy","","",""
"The Aryan","1916","William S. Hart","Louise Glaum","Bessie Love","","","","","Western","Drama","",""
"Behind the Screen","1916","Charlie Chaplin","Edna Purviance","Eric Campbell","","","","","Comedy","","",""
"Betty of Greystone","1916","Dorothy Gish","Owen Moore","","","","","","Drama","","",""
"Billy's War Brides","1916","William Garwood","Sonia Marcelle","Molly Gilmore","","","","","Comedy","","",""
"The Broken Cross","1916","Harold Lockwood","May Allison","","","","","","Romance","","",""
"The Bondman","1916","William Farnum","Dorothy Bernard","L.O. Hart","","","","","Drama","","",""
"Broken Fetters","1916","Kittens Reichert","Violet Mersereau","","","","","","Comedy","","",""
"The Bruiser","1916","Charlotte Burton","William Russell","George Ferguson","Lizette Thorne","","","","Drama","","",""
"The Children in the House","1916","Norma Talmadge","Eugene Pallette","","","","","","Drama","","",""
"Civilization","1916","Howard C. Hickman","Enid Markey","George Fisher","","","","","Drama","","",""
"The Count","1916","Charlie Chaplin","Edna Purviance","Eric Campbell","","","","","Comedy","","",""
"The Craving","1916","Charlotte Burton","William Russell","Helene Rosson","","","","","Drama","","",""
"The Curse of Quon Gwon","1916","","","","","","","","Drama","","",""
"A Daughter of the Gods","1916","Annette Kellerman","Hal De Forrest","","","","","","Drama","","",""
"The Decoy","1916","William Garwood","Edward Brady","Lois Wilson","","","","","Drama","","",""
"Divorce and the Daughter","1916","Florence La Badie","Edwin Stanley","Ethelmary Oakland","","","","","Drama","","",""
"The Dream Girl","1916","Mae Murray","Theodore Roberts","Earle Foxe","","","","","Drama","","",""
"Dulcie's Adventure","1916","Mary Miles Minter","Bessie Banks","Marie Van Tassell","Harry von Meter","","","","Drama","","",""
"Energetic Eva","1916","Eva Tanguay","","","","","","","Comedy","","",""
"The Fatal Glass of Beer","1916","Elmo Lincoln","Tully Marshall","","","","","","Comedy","","",""
"The Fate of the Dolphin","1916","Perry Banks","Edward Coxen","","","","","","Drama","","",""
"Fatty and Mabel Adrift","1916","Roscoe ""Fatty"" Arbuckle","Mabel Normand","","","","","","Short","Comedy","",""
"Felix on the Job","1916","Lon Chaney","","","","","","","Comedy","","",""
"The Fireman","1916","Charlie Chaplin","Edna Purviance","Lloyd Bacon","","","","","Short","Comedy","",""
"The Floorwalker","1916","Charlie Chaplin","Edna Purviance","Eric Campbell","Lloyd Bacon","","","","Short","Comedy","",""
"The Gamble","1916","Harold Lockwood","May Allison","","","","","","Drama","","",""
"The Gentle Art of Burglary","1916","William Garwood","Violet Mersereau","","","","","","Comedy","","",""
"Going Straight","1916","Norma Talmadge","Ralph Lewis","","","","","","Drama","","",""
"The Good Bad Man","1916","Douglas Fairbanks","Sam De Grasse","","","","","","Western","","",""
"Gretchen the Greenhorn","1916","Dorothy Gish","Ralph Lewis","Elmo Lincoln","","","","","Drama","","",""
"The Grey Sisterhood","1916","William Garwood","Stella LeSaint","Ogden Crane","","","","","Mystery","","",""
"The Habit of Happiness","1916","Douglas Fairbanks","George Fawcett","","","","","","Comedy","","",""
"The Half-Breed","1916","Douglas Fairbanks","Alma Rubens","Sam De Grasse","","","","","Western","","",""
"He Wrote a Book","1916","William Garwood","Edward Brady","","","","","","Comedy","","",""
"The Heart of Nora Flynn","1916","Marie Doro","Elliott Dexter","","","","","","Drama","","",""
"Hell's Hinges","1916","William S. Hart","Clara Williams","","","","","","","","",""
"The Highest Bid","1916","William Russell","Charlotte Burton","","","","","","Drama","","",""
"His Picture","1916","William Garwood","Violet Mersereau","Clara Beyers","","","","","Comedy","","",""
"Hoodoo Ann","1916","Mae Marsh","Robert Harron","","","","","","Comedy","Drama","",""
"Hulda from Holland","1916","Mary Pickford","Frank Losee","","","","","","Drama","","",""
"The Innocent Lie","1916","Valentine Grant","Jack J. Clark","","","","","","Drama","","",""
"An Innocent Magdalene","1916","Lillian Gish","Spottiswoode Aitken","","","","","","Drama","","",""
"Intolerance","1916","Mae Marsh","Robert Harron","Constance Talmadge","Lillian Gish","","","","Drama","","",""
"Joan the Woman","1916","Geraldine Farrar","","","","","","","Historical","","",""
"La Bohème","1916","Alice Brady","Paul Capellani","","","","","","Historical","Drama","",""
"The League of the Future","1916","William Garwood","","","","","","","","","",""
"Let Katy Do It","1916","Jane Grey","Tully Marshall","","","","","","Drama","","",""
"Lights of New York","1916","Leah Baird","Walter McGrail","Adele DeGarde","","","","","Drama","","",""
"Lillo of the Sulu Seas","1916","Harold Lockwood","May Allison","","","","","","Romance","","",""
"Little Eve Edgarton","1916","Ella Hall","Doris Pawn","","","","","","Drama","","",""
"Lonesome Luke Leans to the Literary","1916","Harold Lloyd","Bebe Daniels","","","","","","Short","Comedy","",""
"Lonesome Luke Lolls in Luxury","1916","Harold Lloyd","Bebe Daniels","","","","","","Short","Comedy","",""
"Lonesome Luke, Circus King","1916","Harold Lloyd","Bebe Daniels","","","","","","Short","Comedy","",""
"The Love Girl","1916","Ella Hall","Adele Farrington","","","","","","Drama","","",""
"The Love Hermit","1916","William Russell","Charlotte Burton","","","","","","Drama","","",""
"Luke and the Bang-Tails","1916","Harold Lloyd","","","","","","","Short","Comedy","",""
"Luke and the Bomb Throwers","1916","Harold Lloyd","","","","","","","Short","Comedy","",""
"Luke and the Mermaids","1916","Harold Lloyd","","","","","","","Short","Comedy","",""
"Luke and the Rural Roughnecks","1916","Harold Lloyd","","","","","","","Short","Comedy","",""
"Luke Does the Midway","1916","Harold Lloyd","","","","","","","Short","Comedy","",""
"Luke Foils the Villain","1916","Harold Lloyd","","","","","","","Short","Comedy","",""
"Luke Joins the Navy","1916","Harold Lloyd","","","","","","","Short","Comedy","",""
"Luke Laughs Last","1916","Harold Lloyd","","","","","","","Short","Comedy","",""
"Luke Locates the Loot","1916","Harold Lloyd","","","","","","","Short","Comedy","",""
"Luke Lugs Luggage","1916","Harold Lloyd","","","","","","","Short","Comedy","",""
"Luke Pipes the Pippins","1916","Harold Lloyd","","","","","","","Short","Comedy","",""
"Luke Rides Roughshod","1916","Harold Lloyd","","","","","","","Short","Comedy","",""
"Luke, Crystal Gazer","1916","Harold Lloyd","","","","","","","Short","Comedy","",""
"Luke, Patient Provider","1916","Harold Lloyd","","","","","","","Short","Comedy","",""
"Luke, Rank Impersonator","1916","Harold Lloyd","","","","","","","Short","Comedy","",""
"Luke, the Candy Cut-Up","1916","Harold Lloyd","","","","","","","Short","Comedy","",""
"Luke, the Chauffeur","1916","Harold Lloyd","","","","","","","Short","Comedy","",""
"Luke, the Gladiator","1916","Harold Lloyd","","","","","","","Short","Comedy","",""
"Luke's Double","1916","Harold Lloyd","","","","","","","Short","Comedy","",""
"Luke's Fatal Flivver","1916","Harold Lloyd","","","","","","","Short","Comedy","",""
"Luke's Fireworks Fizzle","1916","Harold Lloyd","","","","","","","Short","Comedy","",""
"Luke's Late Lunchers","1916","Harold Lloyd","","","","","","","Short","Comedy","",""
"Luke's Lost Lamb","1916","Harold Lloyd","","","","","","","Short","Comedy","",""
"Luke's Movie Muddle","1916","Harold Lloyd","","","","","","","Short","Comedy","",""
"Luke's Newsie Knockout","1916","Harold Lloyd","","","","","","","Short","Comedy","",""
"Luke's Preparedness Preparations","1916","Harold Lloyd","","","","","","","Short","Comedy","",""
"Luke's Shattered Sleep","1916","Harold Lloyd","","","","","","","Short","Comedy","",""
"Luke's Society Mixup","1916","Harold Lloyd","","","","","","","Short","Comedy","",""
"Luke's Speedy Club Life","1916","Harold Lloyd","","","","","","","Short","Comedy","",""
"Luke's Washful Waiting","1916","Harold Lloyd","","","","","","","Short","Comedy","",""
"Macbeth","1916","Herbert Beerbohm Tree","Constance Collier","Wilfred Lucas","","","","","Drama","","",""
"Madame X","1916","Dorothy Donnelly","John Bowers","","","","","","Drama","","",""
"The Man Who Would Not Die","1916","Charlotte Burton","Harry Keenan","","","","","","Drama","","",""
"The Man in the Sombrero","1916","Harold Lockwood","May Allison","William Stowell","","","","","Romance","Drama","",""
"Manhattan Madness","1916","Douglas Fairbanks","Jewel Carmen","","","","","","Comedy","","",""
"Maria Rosa","1916","Geraldine Farrar","Wallace Reid","","","","","","Drama","","",""
"Martha's Vindication","1916","Norma Talmadge","Seena Owen","","","","","","Drama","","",""
"Matching Dreams","1916","Sylvia Ashton","Vivian Rich","","","","","","Short","Comedy","",""
"A Message to Garcia","1916","Mabel Trunnelle","Charles Sutton","","","","","","","","",""
"The Missing Links","1916","Thomas Jefferson","Elmer Clifton","Robert Harron","","","","","Drama","","",""
"The Moonshiners","1916","Joe Bordeaux","J. Herbert Frank","","","","","","Short","Comedy","",""
"Oliver Twist","1916","Marie Doro","Tully Marshall","","","","","","Drama","","",""
"One A.M.","1916","Charlie Chaplin","","","","","","","Short","Comedy","",""
"The Other Side of the Door","1916","Harold Lockwood","May Allison","","","","","","Romance","Drama","",""
"The Pawnshop","1916","Charlie Chaplin","Edna Purviance","Henry Bergman","","","","","Short","Comedy","",""
"Pay Dirt","1916","Henry King","Marguerite Nichols","","","","","","Drama","","",""
"The Plow Girl","1916","Mae Murray","Elliott Dexter","","","","","","Drama","","",""
"Police","1916","Charlie Chaplin","Edna Purviance","Wesley Ruggles","","","","","Short","Comedy","",""
"Ramona","1916","Adda Gleason","Mabel Van Buren","Ann Dvorak","","","","","Drama","","",""
"The Release of Dan Forbes","1916","Helene Rosson","William Stowell","Harry von Meter","","","","","Drama","","",""
"The Rink","1916","Charlie Chaplin","Edna Purviance","","","","","","Short","Comedy","",""
"A Sanitarium Scramble","1916","Sylvia Ashton","","","","","","","Comedy","","",""
"Secret Love","1916","Jack Curtis","Helen Ware","","","","","","Drama","","",""
"The Secret Wire","1916","Harold Lockwood","May Allison","","","","","","Romance","","",""
"Sequel to the Diamond from the Sky","1916","William Russell","Dodo Newton","","","","","","","","",""
"Shadows","1916","Frank Mayo","","","","","","","","","",""
"Sherlock Holmes","1916","William Gillette","Edward Fielding","","","","","","Mystery","","",""
"A Sister of Six","1916","Ben Lewis","Bessie Love","","","","","","Western","","",""
"The Smugglers of Santa Cruz","1916","Charlotte Burton","","","","","","","Drama","","",""
"Snow White","1916","Marguerite Clark","","","","","","","Fantasy","","",""
"A Society Sherlock","1916","William Garwood","Irma Dawkins","","","","","","Comedy","","",""
"A Soul at Stake","1916","Andrew Arbuckle","Lois Wilson","","","","","","Drama","","",""
"The Soul's Cycle","1916","Patricia Palmer","","","","","","","Drama","","",""
"Stampede in the Night","1916","Hoot Gibson","Olive Carey","","","","","","Western","","",""
"The Stepping Stone","1916","Frank Keenan","Mary Boland","","","","","","Drama","","",""
"The Strength of Donald McKenzie","1916","William Russell","Jack Prescott","","","","","","Drama","","",""
"Them Was the Happy Days!","1916","Harold Lloyd","Bebe Daniels","","","","","","Comedy","","",""
"The Thoroughbred","1916","Charlotte Burton","Jack Prescott","","","","","","Drama","","",""
"Three Fingered Jenny","1916","William Garwood","Stella LeSaint","Carmen Phillips","","","","","Mystery","","",""
"Time and Tide","1916","Hugh Bennett","","","","","","","Drama","","",""
"To Have and to Hold","1916","Mae Murray","Wallace Reid","","","","","","Adventure","","",""
"The Torch Bearer","1916","Charlotte Burton","Harry Keenan","","","","","","Drama","","",""
"The Trail of the Lonesome Pine","1916","Charlotte Walker","Thomas Meighan","","","","","","Drama","","",""
"True Nobility","1916","Helene Rosson","Forrest Taylor","","","","","","Drama","","",""
"The Twinkler","1916","William Russell","Charlotte Burton","","","","","","Crime","","",""
"Two Seats at the Opera","1916","William J. Welsh","","","","","","","Comedy","","",""
"Under Two Flags","1916","Theda Bara","Herbert Heyes","","","","","","Drama","","",""
"The Undertow","1916","Franklin Ritchie","Helene Rosson","","","","","","Drama","","",""
"The Vagabond","1916","Charles Chaplin","Edna Purviance","","","","","","Comedy","","",""
"Viviana","1916","Sylvia Ashton","","","","","","","Drama","","",""
"Where Are My Children?","1916","Tyrone Power Sr","Juan de la Cruz","","","","","","Crime","Drama","",""
"The White Rosette","1916","Eugenie Forde","Richard La Reno","","","","","","Drama","","",""
"Youth's Endearing Charm","1916","Mary Miles Minter","Wallace MacDonald","","","","","","Drama","","",""
"The Adventurer","1917","Charlie Chaplin","Edna Purviance","","","","","","Comedy","","",""
"All Aboard","1917","Harold Lloyd","Bebe Daniels","","","","","","Comedy","","",""
"As Men Love","1917","House Peters Sr.","Myrtle Stedman","Jack W. Johnston","","","","","Drama","","",""
"At First Sight","1917","Mae Murray","Sam Hardy","","","","","","Comedy","","",""
"The Babes in the Woods","1917","Francis Carpenter","Virginia Lee Corbin","","","","","","Fantasy","","",""
"The Bad Boy","1917","Robert Harron","Richard Cummings","","","","","","Crime","Drama","",""
"Bashful","1917","Harold Lloyd","Bebe Daniels","","","","","","Comedy","","",""
"The Big Idea","1917","Harold Lloyd","Bebe Daniels","","","","","","Comedy","","",""
"Birds of a Feather","1917","Harold Lloyd","Snub Pollard","","","","","","Comedy","","",""
"Black Orchids","1917","Cleo Madison","Francis McDonald","","","","","","Drama","","",""
"Bliss","1917","Harold Lloyd","Bebe Daniels","","","","","","Comedy","","",""
"The Bride's Silence","1917","Gail Kane","Lewis J. Cody","","","","","","Drama","","",""
"Bucking Broadway","1917","Harry Carey","Molly Malone","","","","","","Western","","",""
"The Butcher Boy","1917","Fatty Arbuckle","Buster Keaton","","","","","","Comedy","","",""
"By the Sad Sea Waves","1917","Harold Lloyd","","","","","","","Comedy","","",""
"Camille","1917","Theda Bara","Alan Roscoe","","","","","","Drama","","",""
"Cheyenne's Pal","1917","Harry Carey","Gertrude Astor","","","","","","Western","","",""
"Cleopatra","1917","Theda Bara","Fritz Leiber Sr.","Thurston Hall","","","","","Historical","","",""
"Clubs Are Trump","1917","Harold Lloyd","","","","","","","Comedy","","",""
"Coney Island","1917","Fatty Arbuckle","Buster Keaton","","","","","","Comedy","","",""
"The Cure","1917","Charlie Chaplin","Edna Purviance","Eric Campbell","","","","","Comedy","","",""
"The Devil-Stone","1917","Geraldine Farrar","Wallace Reid","","","","","","Romance","","",""
"Down to Earth","1917","Douglas Fairbanks","Eileen Percy","","","","","","Romance","Comedy","",""
"Easy Street","1917","Charlie Chaplin","Edna Purviance","","","","","","Comedy","","",""
"Enlighten Thy Daughter","1917","","","","","","","","Erotic","","",""
"The Flirt","1917","Harold Lloyd","Bebe Daniels","","","","","","Comedy","","",""
"The Flower of Doom","1917","Wedgwood Nowell","Yvette Mitchell","","","","","","Drama","","",""
"From Laramie to London","1917","Harold Lloyd","","","","","","","Comedy","","",""
"Golden Rule Kate","1917","Louise Glaum","","","","","","","Western","","",""
"Great Expectations","1917","Jack Pickford","Louise Huff","","","","","","Drama","","",""
"The Gulf Between","1917","Grace Darmond","Niles Welch","","","","","","Comedy","Drama","",""
"Hands Up!","1917","Wilfred Lucas","Colleen Moore","","","","","","Western","","",""
"Her Right to Live","1917","Peggy Hyland","Antonio Moreno","","","","","","Drama","","",""
"His Wedding Night","1917","Fatty Arbuckle","Buster Keaton","","","","","","Comedy","","",""
"The Immigrant","1917","Charlie Chaplin","Edna Purviance","","","","","","Comedy","","",""
"In Again, Out Again","1917","Douglas Fairbanks","","","","","","","Comedy","","",""
"Jack and the Beanstalk","1917","Francis Carpenter","Virginia Lee Corbin","","","","","","Fantasy","","",""
"Jim Bludso","1917","Wilfred Lucas","Olga Grey","","","","","","Drama","","",""
"The Jury of Fate","1917","Mabel Taliaferro","","","","","","","Drama","","",""
"A Kentucky Cinderella","1917","Ruth Clifford","","","","","","","","","",""
"The Lad and the Lion","1917","Vivian Reed","Will Machin","","","","","","Adventure","","",""
"The Land of the Long Shadows","1917","Jack Gardner","Ruth King","","","","","","Western","","",""
"The Little American","1917","Mary Pickford","","","","","","","War","Drama","",""
"Little Lost Sister","1917","Vivian Reed","George Fawcett","","","","","","","","",""
"The Little Princess","1917","Mary Pickford","Norman Kerry","ZaSu Pitts","","","","","Drama","","",""
"Lonesome Luke, Lawyer","1917","Harold Lloyd","","","","","","","Comedy","Short","",""
"Lonesome Luke, Mechanic","1917","Harold Lloyd","","","","","","","Comedy","Short","",""
"Lonesome Luke, Messenger","1917","Harold Lloyd","","","","","","","Comedy","Short","",""
"Lonesome Luke, Plumber","1917","Harold Lloyd","","","","","","","Comedy","Short","",""
"Lonesome Luke Loses Patients","1917","Harold Lloyd","","","","","","","Comedy","Short","",""
"Lonesome Luke on Tin Can Alley","1917","Harold Lloyd","","","","","","","Comedy","Short","",""
"Lonesome Luke's Honeymoon","1917","Harold Lloyd","","","","","","","Comedy","Short","",""
"Lonesome Luke's Lively Life","1917","Harold Lloyd","","","","","","","Comedy","Short","",""
"Lonesome Luke's Lovely Rifle","1917","Harold Lloyd","","","","","","","Comedy","Short","",""
"Lonesome Luke's Wild Women","1917","Harold Lloyd","","","","","","","Comedy","Short","",""
"Lost and Won","1917","Marie Doro","Elliott Dexter","","","","","","Drama","","",""
"Love, Laughs and Lather","1917","Harold Lloyd","Bebe Daniels","","","","","","Comedy","","",""
"A Love Sublime","1917","Wilfred Lucas","Carmel Myers","","","","","","Romance","","",""
"Luke Wins Ye Ladye Faire","1917","Harold Lloyd","","","","","","","Comedy","Short","",""
"Luke's Busy Day","1917","Harold Lloyd","","","","","","","Comedy","Short","",""
"Luke's Lost Liberty","1917","Harold Lloyd","","","","","","","Comedy","Short","",""
"Luke's Trolley Troubles","1917","Harold Lloyd","","","","","","","Comedy","Short","",""
"The Man Without a Country","1917","Florence La Badie","Holmes Herbert","","","","","","Drama","","",""
"The Mate of the Sally Ann","1917","Mary Miles Minter","Allan Forrest","","","","","","Comedy","Drama","",""
"A Modern Musketeer","1917","Douglas Fairbanks","Marjorie Daw","","","","","","Adventure","","",""
"A Mormon Maid","1917","Mae Murray","Frank Borzage","","","","","","Drama","","",""
"Move On","1917","Harold Lloyd","","","","","","","Comedy","","",""
"Oh Doctor!","1917","Fatty Arbuckle","Buster Keaton","","","","","","Comedy","","",""
"On Record","1917","Mae Murray","Tom Forman","","","","","","Crime","Drama","",""
"Over the Fence","1917","Harold Lloyd","","","","","","","Comedy","","",""
"Panthea","1917","Norma Talmadge","Earle Foxe","","","","","","Drama","","",""
"Peggy, the Will O' the Wisp","1917","Mabel Taliaferro","Thomas Carrigan","","","","","","Drama","","",""
"Pinched","1917","Harold Lloyd","","","","","","","Comedy","","",""
"The Poor Little Rich Girl","1917","Mary Pickford","","","","","","","Drama","","",""
"The Primrose Ring","1917","Mae Murray","Tom Moore","","","","","","Drama","","",""
"The Princess of Patches","1917","Violet De Biccari","Vivian Reed","","","","","","","","",""
"Princess Virtue","1917","Mae Marsh","Wheeler Oakman","","","","","","Drama","","",""
"Rainbow Island","1917","Harold Lloyd","","","","","","","Comedy","","",""
"Reaching for the Moon","1917","Douglas Fairbanks","Eileen Percy","","","","","","Adventure","","",""
"Rebecca of Sunnybrook Farm","1917","Mary Pickford","","","","","","","Drama","","",""
"A Reckless Romeo","1917","Fatty Arbuckle","Al St. John","","","","","","Comedy","","",""
"The Reward of the Faithless","1917","Claire DuBray","Betty Schade","Wedgwood Nowell","","","","","Drama","","",""
"A Romance of the Redwoods","1917","Mary Pickford","Elliott Dexter","","","","","","Drama","","",""
"The Rough House","1917","Fatty Arbuckle","Buster Keaton","","","","","","Comedy","","",""
"Souls in Pawn","1917","Gail Kane","Douglas MacLean","","","","","","Spy","","",""
"Souls Triumphant","1917","Lillian Gish","Wilfred Lucas","","","","","","Drama","","",""
"Step Lively","1917","Harold Lloyd","","","","","","","Comedy","","",""
"Stop! Luke! Listen!","1917","Harold Lloyd","","","","","","","Comedy","","",""
"Straight Shooting","1917","Harry Carey","","","","","","","Western","","",""
"A Strange Transgressor","1917","Louise Glaum","","","","","","","Drama","","",""
"Teddy at the Throttle","1917","Gloria Swanson","Bobby Vernon","Wallace Beery","","","","","Comedy","","",""
"Tom Sawyer","1917","Jack Pickford","","","","","","","","","",""
"The Tornado","1917","John Ford","","","","","","","Western","","",""
"We Never Sleep","1917","Harold Lloyd","","","","","","","Comedy","","",""
"Wild and Woolly","1917","Douglas Fairbanks","","","","","","","","","",""
"The Wild Girl","1917","Eva Tanguay","Thomas J. Moore","","","","","","","","",""
"The Woman God Forgot","1917","Wallace Reid","","","","","","","Romance","","",""
"The Accident Attorney","1918","","","","","","","","Comedy","","",""
"The Accusing Toe","1918","Sadie Clayton","","","","","","","Comedy","","",""
"Ali Baba and the Forty Thieves","1918","George Stone","Gertrude Messinger","","","","","","Adventure","","",""
"All Woman","1918","Mae Marsh","Jere Austin","","","","","","Comedy","","",""
"Amarilly of Clothes-Line Alley","1918","Mary Pickford","","","","","","","Drama","","",""
"America's Answer","1918","","","","","","","","","","",""
"Among the Cannibal Isles of the South Pacific","1918","","","","","","","","Documentary","","",""
"Are Crooks Dishonest?","1918","Harold Lloyd","Snub Pollard","","","","","","Comedy","","",""
"Arizona","1918","Douglas Fairbanks","Theodore Roberts","","","","","","Drama","","",""
"Back to the Woods","1918","Harold Lloyd","Bebe Daniels","","","","","","Comedy","","",""
"Beat It","1918","Harold Lloyd","","","","","","","Comedy","","",""
"Beauty and the Rogue","1918","Mary Miles Minter","Allan Forrest","","","","","","Crime","Drama","",""
"Bees in His Bonnet","1918","Harold Lloyd","","","","","","","Comedy","","",""
"Believe Me, Xantippe","1918","Wallace Reid","Ann Little","Noah Beery","","","","","Comedy","","",""
"The Bell Boy","1918","Fatty Arbuckle","Buster Keaton","","","","","","Comedy","Short","",""
"The Blind Adventure","1918","Edward Earle","Betty Howe","","","","","","","","",""
"The Blue Bird","1918","Tula Belle","","","","","","","Fantasy","","",""
